artist_name,Spotify_followers,popularity_score,albums_popularity,Youtube_subscribers,Youtube_views,album_sales,albums_count,album_average_sales,stream_score,cluster
aespa,-0.15690055046613985,0.24080732065382449,0.8277383491766988,-0.347200881141104,-0.4593885827501459,1.0072293540958257,0.894427190999916,0.8931911730186747,1.7179113807746667,1
BABYMONSTER,-0.8046158402586555,-0.1720052290384444,-0.7588698166802803,0.21366208070221784,0.30619981824852777,-0.8840432142566361,-0.4472135954999578,-0.6950182276930206,-0.15617376188860613,2
i-dle,0.03030864751646295,-1.410442878115251,-0.5171719733329772,-0.05786681352351733,0.7690624041013918,-1.3496141477756185,-1.7888543819998317,-1.7322957551180787,-1.0932163332202425,2
IVE,-0.7569024924369516,-0.9976303284229822,-0.8167720223460588,-1.1350798037305323,-1.5308263878074146,1.3555046771209938,0.894427190999916,1.2811644547699295,0.7808688094430303,1
LE SSERAFIM,-0.4461575557028406,0.8600261451922278,-0.5930589550010051,-0.6899504689342452,-0.624592968546481,-0.5825996015953326,-0.4472135954999578,-0.023411255075505993,-0.15617376188860613,2
TWICE,2.134267791348124,1.4792449697306311,1.8581344181836228,2.016435886627181,1.539545716754123,0.4535229324107677,0.894427190999916,0.2763696100980006,-1.0932163332202425,0
