cluster,Spotify_followers,popularity_score,albums_popularity,Youtube_views,albums_count,album_average_sales,stream_score
0,2.134267791348124,1.4792449697306311,1.8581344181836228,1.539545716754123,0.894427190999916,0.2763696100980006,-1.0932163332202425
1,-0.4569015214515457,-0.37841150388457884,0.005483163415319958,-0.9951074852787802,0.894427190999916,1.087177813894302,1.2493900951088484
2,-0.4068215828150111,-0.24080732065382252,-0.6230335816714209,0.15022308460114617,-0.8944271909999157,-0.8169084126288685,-0.46852128566581824
