cluster,popularity_score,albums_popularity,Youtube_views,albums_count,album_average_sales,stream_score
0,0.7776965648006015,0.6185141814629886,0.6460224521439455,0.36084391824351614,0.6800225853781077,-0.4412613040609141
1,-1.0369287530674667,-0.8246855752839853,-0.8613632695252607,-0.481125224324688,-0.9066967805041438,0.5883484054145521
