rank,artist_name,Spotify_followers,popularity_score,albums_popularity,Youtube_subscribers,Youtube_views,album_sales,albums_count,album_average_sales,stream_score,weighted_score
1,Stray Kids,1.6563276542477936,1.6514050511815233,1.4624689841024316,1.6180791992587287,1.7981676026603224,1.8962631933473184,0.8660254037844387,1.6399427448372386,-0.7844645405527362,0.8261495927386961
2,SEVENTEEN,0.6114592807955351,0.44165483926947774,-0.12999724303132743,0.8110241611983652,1.1975107413875716,-0.26995622093666155,-1.1547005383792515,1.3054693720647315,0.5883484054145522,0.4886280557738666
3,TOMORROW X TOGETHER,0.3868939530294135,0.30723814905702823,1.4319619682569573,0.4008814369381805,-0.11043068899374801,0.4762091225309872,0.8660254037844387,-0.08187649533926104,-0.7844645405527362,0.0847248278424938
4,BOYNEXTDOOR,-1.015950782284747,-0.6336786824301183,-1.2700880066279103,-1.0584328368004767,-0.8179476865698897,-1.2938532923169634,-1.1547005383792515,-1.1774850334981144,1.9611613513818404,-0.12997842713868912
5,ENHYPEN,0.5508029640357986,0.7104882196943767,-0.2903769834761067,0.3744206160181686,-0.3011578464783639,0.4254300828189731,0.8660254037844387,-0.14344528005027848,-0.7844645405527362,-0.14452497701252856
6,RIIZE,-1.0799023216688628,-1.1713454432799162,-1.033004912057367,-1.0848936577204886,-0.8606780273727502,-1.1110073164729615,-1.1547005383792515,-0.7340828264293185,0.5883484054145522,-0.5025024535372907
7,ZEROBASEONE,-1.109630748154931,-1.3057621334923657,-0.17096380716667864,-1.0610789188924779,-0.905464094633142,-0.12308556897069323,0.8660254037844387,-0.8085224815849987,-0.7844645405527362,-0.6224966186665476
