cluster,popularity_score,mv_view_count,mv_like_count,mv_comment_count
0,0.688095238095238,0.0658877923744667,0.10461602533428192,0.1291823075777297
1,0.8428571428571429,1.0000000000000002,1.0,0.9999999999999999
2,0.3406926406926407,0.006580944818941076,0.009408309572932344,0.023490929959600854
